,Title,Price
0,"HP 15, AMD Ryzen 3 7320U Laptop (8GB LPDDR5, 512GB SSD) Anti-Glare, Micro-Edge, 15.6""/39.6cm,FHD, Win 11, Silver, 1.59kg, AMD Radeon Graphics, 1080p HD Camera, fc0154AU","30,670"
1,"Lenovo {SmartChoice)Chromebook Intel Celeron N4500 (4GB RAM/64GB eMMC 5.1/11.6 Inch (29.46cm)/HD Display/2Wx2 Stereo Speakers/HD Camera/Chrome OS/Blue/1.21Kg), 82UY0014HA","13,990"
2,HP 255 G10 ‎‎Laptop (AMD Athlon Silver 7120U/ 8GB RAM / 256GB SSD/Windows 11/15.6 INCH ASH Silver,"23,004"
3,"Lenovo Smartchoice Ideapad Slim 3 13Th Gen Intel Core I7-13620H 15.3 Inch(38.8Cm) WUXGA IPS Laptop(16GB RAM/512GB SSD/Windows 11/Office Home 2024/Backlit Keyboard/1Yr ADP Free/Grey/1.6Kg),83K100CJIN","64,990"
4,"Lenovo Smartchoice LOQ, Intel Core i5-12450HX, 12th Gen, RTX 3050-6GB, 16GB RAM, 512GB SSD, FHD 144Hz 300Nits, 15.6""/39.6cm, Windows 11, MS Office 21, Grey, 2.4Kg, 83GS003UIN, Gaming Laptop","69,990"
5,"HP 15 (2025), AMD Ryzen 3 7320U Quad Core - (8 GB/512 GB SSD/AMD Radeon Graphics/Windows 11 Home) Thin and Light Business Laptop/15.6"" HD Display/Turbo Silver/1.5 kg","27,839"
6,"ASUS Vivobook 15, Intel Core i3-1315U 13th Gen, 15.6"" (39.62 cms) FHD, Thin and Light Laptop (8GB RAM/512GB SSD/Win11/MS Office/Backlit Keyboard/Silver/1.7 kg), X1504VA-NJ320WS","35,990"
7,"HP Pavilion 16 AI Laptop, Intel Core Ultra 5 125U (14th Generation) 16 GB LPDDR5,1TB SSD,16-inch (40 cm), WUXGA, 300 nits, 1080p FHD IR Camera, Backlit Kb, (Win11+Office, Silver, 1.77 kg) 16-af0056TU","62,999"
8,"Primebook S 4G, 2025(New, WiFi+4G) Android Based MediaTek MT8788 - (PrimeOS) 4G SIM Slot, Thin and Light Laptop (11.6 Inch, 1.065 Kg, Type C, USB, HDMI, MicroSD) (4GB/128GB eMMC Storage, Black)","16,990"
9,"Lenovo Smartchoice IdeaPad Slim 3, Intel Core i3-1305U, 13th Gen, 8GB RAM, 512GB SSD, FHD, 15.6""/39.6cm, Windows 11, MS Office 2021, Arctic Grey, 1.6Kg, Alexa Built-in, 82X700C8IN Laptop","38,900"
10,"Acer Nitro 5 12th Gen Intel Core i5-12450H Gaming Laptop (16 GB RAM/512 GB SSD/RTX 3050 Graphics/144 Hz/RGB Backlit/Win11 Home) AN515-58 with 39.62 cm (15.6"") FHD IPS Display, Obsidian Black, 2.5 KG","74,990"
11,"Lenovo IdeaPad Slim 5 Ryzen 7 7735HS (16GB RAM/512GB SSD/Integrated AMD Radeon 680M Graphics/WUXGA IPS Display/13.3"" (33.7cm)/Windows 11/Office Home 2024/Backlit KB/Grey/1.15Kg), 83J2000HIN Laptop","61,749"
12,"HP Spectre x360 AI Laptop, Intel Core Ultra 7 155H, 12 TOPS, 32GB LPDDR5x, 1TB SSD (Win11, Office21, Blue, 1.9kg), Touchscreen, 2.8K, OLED, 16-inch(40.6cm), Intel Arc graphics, 9MP IR camera, aa0664TX","2,07,990"
13,"ULTIMUS APEX Intel Celeron Dual Core/ 8 GB LPDDR4/ 512 GB SSD Expandable~1TB/ 14.1"" FHD IPS Anti-Glare/ 4mm Thin Bezel/ 180° Hinge/ Intel HD Graphics/ Windows 11 Home Thin & Light Laptop 1.25KG Silver","17,490"
14,"HP Smartchoice Omen, AMD Ryzen 9 7940HS, 8GB RTX 4070 AI-Powered Gaming Laptop (16GB DDR5, 1TB SSD) 165Hz, IPS, 300 nits, 16.1/40.9cm, FHD, Black, 2.38kg, RGB Backlit KB, B&O, xf0100AX","1,42,990"
15,"ASUS Vivobook Go 14, AMD Ryzen 5 7520U,Thin & Light Laptop (AMD Radeon iGPU/16GB RAM/512GB SSD/FHD/14/60Hz/42WHrs/Windows 11/M365 Basic (1Year)*/Office Home 2024/Mixed Black/1.38 kg) E1404FA-NK5542WS","40,990"
16,"Acer Aspire Lite AMD Ryzen 3 5300U Premium Thin and Light Laptop (Windows 11 Home/16 GB RAM/512 GB SSD) AL15-41 with 39.62 cm (15.6"") Full HD Display, Metal Body, Steel Gray, 1.6 KG","28,490"
17,"HP Victus, 12th Gen Intel Core i5-12450H, RTX 3050 Gaming Laptop (16GB DDR4, 512GB SSD) 144Hz, IPS, 15.6""/39.6cm, FHD, Win 11, MS Office 21, Blue, 2.3kg, fa1379TX/fa1412tx","64,990"
18,"Lenovo Smartchoice Yoga Slim 7 Intel Core Ultra 5 125H Built-in AI 14""(35.5cm) WUXGA-OLED 400Nits Laptop (16GB/512GB SSD/60Hz/100% DCI-P3/Win11/MSO 21/1Yr ADP Free/Alexa/Grey/1.39Kg), 83CV003MIN","76,990"
19,"HP 15 (2025), Intel Core i3 13th Gen 1315U - (8 GB/512 GB SSD/Intel UHD Graphics/DOS) Thin and Light Business Laptop/15.6"" HD Display/Ash Grey/1.5 kg","31,930"
20,"Lenovo IdeaPad 1 AMD Ryzen 7 5700U 15.6"" HD Thin and Light Laptop (16GB/512GB SSD/Windows 11 Home/MS Office 2021/1Yr ADP Free/Cloud Grey/1.61Kg), 82R400EHIN","43,099"
21,"ASUS Vivobook Go 14, AMD Ryzen 3 7320U,Thin & Light (AMD Radeon iGPU/8GB RAM/512GB SSD/FHD/14/60Hz/42WHrs/Windows 11/M365 Basic (1Year)*/Office Home 2024/Mixed Black/1.38 kg) E1404FA-NK3325WS","31,990"
22,"HP Victus Gaming Laptop, AMD Ryzen 5 5600H, AMD 4GB Radeon RX 6500M Graphics, 15.6-inch (39.6 cm), FHD, IPS, 8GB DDR4, 512GB SSD, Backlit KB, B&O (Win 11, Blue, 2.29 kg), fb0147AX, fb0184ax","48,463"
23,"Lenovo V15 Intel Celeron N4500 15.6"" (39.62 cm) FHD (1920x1080) Antiglare 250 Nits Thin and Light Laptop (8GB RAM/256GB SSD/Windows 11 Home/Black/1Y Onsite/1.7 kg), 82QYA00MIN","20,490"
24,"acer Professional 14, AMD Ryzen 7-7730U, 32GB RAM, 1TB SSD, 14"" Full HD, Windows 11 Pro, MSO21, 1.34KG, Backlite KB, Finger Print, Metal Body, 3 Year Warranty, TL14-42M, Light Laptop","67,990"
25,"VEBETO Educational Laptop for Kids (1 Year Warranty) w/ Mouse Games 20 Fun Computer Activity Learning Toy for 2 3 4 5 Years Boys Girls Learn Letters Words Mathematics Music Logic Memory Tool, Blue",898
26,"Acer Aspire 3 Laptop Intel Core Celeron N4500 Processor Laptop (8 GB LPDDR4X SDRAM/256 GB SSD/Win11 Home/38 WHR/HD Webcam) A324-45 with 35.56 cm (14"") HD Display, Pure Silver, 1.3 KG","21,490"
27,"Acer Predator Helios 16 Gaming Laptop 14th Gen Intel Core i9 Processor (Windows 11 Home/16 GB/1 TB SSD/NVIDIA GeForce RTX 4070) PH16-72 with 40.64 cm (16"") WQXGA Display","1,72,330"
28,"Acer ALG, Intel Core i5-12th Gen 12450H Processor, NVIDIA GeForce RTX 2050-4GB (16GB/1TB) FHD, 15.6""/39.62cm, 144Hz, Win 11 Home, Steel Gray, 1.99KG, AL15G-52, Premium Metal Body Gaming Laptop","58,999"
29,"HP 15, 13th Gen Intel Core i3-1315U (8GB DDR4, 512GB SSD) FHD Anti-Glare Micro-Edge, 15.6""/39.6cm, Windows 11, MS Office 21, Grey, 1.59kg, fd0006TU, Intel UHD Graphics, 1080p FHD Camera Laptop","36,390"
30,"Lenovo Smartchoice LOQ, Intel Core i5-12450HX, 12th Gen, RTX 3050-6GB, 16GB RAM, 512GB SSD, FHD 144Hz 300Nits, 15.6""/39.6cm, Windows 11, MS Office 21, Grey, 2.4Kg, 83GS003UIN, Gaming Laptop","69,990"
31,"Dell Inspiron 3530 13th Gen Laptop, Intel Core i3-1305U, 8GB, 512GB SSD, 15.6"" (39.62cm) FHD AG 120Hz 250 nits Display, Windows 11 + MSO'21 & McAfee 15 Month, Platinum Silver, Thin & Light- 1.62kg","39,609."
32,"Apple 2025 MacBook Air (13-inch, Apple M4 chip with 10-core CPU and 8-core GPU, 16GB Unified Memory, 256GB) - Silver","94,990"
33,"ASUS Vivobook Go 15 (OLED) 2023, AMD Ryzen 3 7320U, 15.6"" (39.62 cm) FHD OLED, Thin & Light Laptop (8GB/512GB SSD/Windows 11/Office 2021/Backlit Keyboard/Cool Silver/1.63 kg), E1504FA-LK321WS","36,990"
34,"JioBook 11 with Lifetime Office/Android 4G Laptop Mediatek 8788 (JioOS) / Octa-core/ 4GB RAM / 64 eMMC Storage/Thin and Light Laptop (11.6 inch, 990 Grams)/ Dual Band WiFi + SIM/Blue","12,990"
35,"ASUS TUF Gaming A14,AMD Ryzen AI 9 HX 370 Gaming Laptop(NVIDIA RTX 4060-8GB/100W TGP/16GB/1TB/2.5K QHD+/14""/165Hz/Windows 11/M365 Basic (1Year)*/Office Home 2024/Jaeger Gray/1.46 Kg) FA401WV-RG475WS","1,54,990"
36,"Lenovo IdeaPad 1 AMD Ryzen 5 5625U 15.6 inch (38.5cm) FHD Laptop (16GB RAM/512GB SSD/Windows 11/Office Home 2024/3 Month Game Pass/Grey/1.6Kg), 82R4011CIN","37,999"
37,"Acer Predator Helios Neo 16 Gaming Laptop 14th Gen Intel Core i7 Processor (Windows 11 Home/16 GB/1 TB SSD/NVIDIA GeForce RTX 4050) PHN16-72 with 40.64 cm (16"") WUXGA Display","1,09,000"
38,"HP 250 G9 Intel Celeron Dual Core 4500u - (8 GB/256 GB SSD/Windows 11) Laptop (15.6 inch, Silver, 1.75 kg)","26,999"
39,"ROG Strix G16 (2024), 16 ""(40.64cm) QHD+ 240Hz, Intel Core i9 14900HX, Gaming Laptop (16GB DDR5/1TB SSD/NVIDIA GeForce RTX 4070 /Windows 11/Office 2021/Eclipse Gray/2.50 Kg), G614JIR-N4062WS","1,99,990"
40,"HP Pavilion AI Laptop, Intel Core Ultra 5 125H 12 Tops, (16GB LPDDR5x, 512GB SSD), WQXGA,IPS, 300 nits, 14''(35.6cm),Win 11, M365 Basic(1yr), Office Home24, Blue,1.44kg,5MP Camera w/Shutter, ew1112TU","84,990"
41,"Lenovo Yoga Slim 7 Aura Edition Intel Core Ultra 5 228V,Copilot+ AI PC(32GB RAM/1TB SSD/14(35.5cm) WUXGA OLED AI Now/40 Tops/Windows 11/Office Home 2024/1Yr ADP/Grey/1.19Kg), 83JX001LIN AI Laptop","1,13,490"
42,"Acer ALG, Intel Core i7-13th Gen 13620H Processor, NVIDIA GeForce RTX 3050-6GB(16GB/512GB) FHD, 39.62cm(15.6""), 144Hz, Windows 11 Home, Steel Gray, 1.99KG, AL15G-53, Premium Metal Body,Gaming Laptop","74,990"
43,"Lenovo 15 (2025), AMD Ryzen 3 7320U Quad Core - (8 GB/512 GB SSD/AMD Radeon Graphics/Windows 11 Home) Thin and Light Business Laptop/15.6"" FHD Display/Arctic Grey/1.6 kg/MS Office 2021","27,990"
44,"acer (2025 Aspire 3 Intel Core i3 13th Gen 1305U - (16 GB/512 GB SSD/Intel Graphics/Windows 11 Home) Thin and Light Laptop/15.6"" FHD IPS Display/Metal Body/Silver/1.5 Kg/Office 2021/3 Years Warranty","34,990"
45,"Dell Inspiron 3535, AMD Ryzen 5-7530U, 16 GB RAM, 512 GB SSD, FHD IPS 15.6""/39.62 cm, 120Hz, Windows 11, MS Office 2024, Platinum Silver, 1.67 kg, Thin & Light Laptop","42,838"
46,"acer Professional 14, Intel Core i7-1355U Turbo Boost, 32GB RAM, 1TB SSD, 14"" Full HD, Windows 11 Pro, MSO21, 1.34KG, Backlite KB, Finger Print, Metal Body, 3 Year Warranty, Travel Lite, Light Laptop","74,090"
47,"Dell SmartChoice Alienware m18 R1, Intel Core i9 13th Gen-13900HX, NVIDIA GeForce RTX 4080-12GB, 32GB RAM, 1TB SSD, QHD 18.0""/45.72cm, 165Hz, Windows 11, 3.86Kg, Backlit KB Gaming Laptop","3,67,904."
48,"Lenovo Yoga Slim 7 Intel Core Ultra 7 155H Built-in AI 14""(35.5cm) WUXGA-OLED 400Nits Laptop (32GB RAM/1TB SSD/60Hz/100% DCI-P3/Win11/Office Home 2024/1Yr ADP Free/Grey/1.39Kg), 83CV008XIN","99,990"
49,"Samsung Galaxy Book4 (Silver, 16GB RAM, 512GB SSD) | 15.6"" Full HD Screen | Intel Core 5 120U Processor | Windows 11 Home | MS Office 2021 | Fingerprint Reader | Intel Iris XE Graphics | RJ45 LAN Port","51,590"
50,"Lenovo Ideapad 5 2-in-1 AMD Ryzen 7 8845HS 14"" (35.5cm) WUXGA IPS 300Nits Convertible Laptop (16GB/512GB SSD/Win 11/Office Home 2024/Backlit KB/FPR/FHD Camera/Grey/1.6kg), 83DR003BIN","73,991"
51,"HP 255 G9 Ryzen 3 Dual Core AMD Ryzen 3 Processor 3250U - (8 GB/512 GB SSD/AMD Radeon Graphics) 9H237PT Thin and Light Laptop (15.6 inch, Black, 1.47 kg)","23,990"
52,"Lenovo V14 G3, 12th Gen Intel Core i7-1255U Upto 4.70Ghz (16GB RAM/512GB SSD/Windows 11) 14.0"" FHD Display Thin and Light Laptop/Iron Grey /1.70 kg 1 Year Onsite Brand Warranty","45,990"
53,"Dell Inspiron 3530, Intel Core i3-1305U, 13thGen, 8GB RAM, 512GB SSD, FHD WVA AG 120Hz, 15.6""/39.62cm, Windows 11, MS Office 21, Platinum Silver, 1.62KG, 250 nits Narrow Border, McAfee 15 Month Laptop","35,490"
54,"Dell Inspiron 15-3530 Laptop - 15.6 inch FHD, 13th Gen Intel Core i7-1355U, 16GB DDR4 RAM, 512GB SSD, Backlit Keyboard, Windows 11 Home, Platinum Silver, 1.62 Kg, 1 Year Onsite Hardware Service","67,999"
55,"ASUS Zenbook A14,Snapdragon X,Copilot+ AI PC(Qualcomm Adreno iGPU/45TOPS/16GB/512GB/FHD+/14""/Backlit Keyboard/70WHr/Windows 11/M365 Basic(1Year)*/Office Home 2024/Iceland Gray/0.98 kg)UX3407QA-QD259WS","89,990"
56,"Lenovo Smartchoice LOQ, Intel Core i5-12450HX, 12th Gen, RTX 3050-6GB, 16GB RAM, 512GB SSD, FHD 144Hz 300Nits, 15.6""/39.6cm, Windows 11, MS Office 21, Grey, 2.4Kg, 83GS003UIN, Gaming Laptop","69,990"
57,"ASUS TUF Gaming A15, AMD Ryzen 7 7435HS, NVIDIA GeForce RTX 3050, 16GB RAM, 512GB SSD, FHD 144Hz 250 nits, 15.6"", Windows 11, MS Office, Black, 2.30KG, FA566NCR-HN254WS Gaming Laptop","66,990"
58,"HP Pavilion x360, 13th Gen Intel Core i7-1355U (16GB DDR4, 512GB SSD), Touchscreen,IPS, 14''(35.6cm) FHD,Win 11, M365 Basic(1yr), Office Home 24, Rose gold,1.5kg,Iris Xe, Backlit, 5MP Camera, ek1152TU","84,490"
59,"HP Pavilion, Intel Core Ultra 7-155U AI Laptop, 10-12 Tops, (16GB RAM, 512GB SSD), IPS, WUXGA, Anti-Glare, 16""/40.6cm, Win 11, Office 2021, Silver, 1.77Kg, Intel Graphics, 1080p FHD Camera, af0028TU","80,990"
60,"acer Professional 14, AMD Ryzen 3-7330U, 16GB RAM, 512GB SSD, 14"" Full HD,UHD Graphics, Premium Metal Body, Windows 11 Pro, MSO 21, 1.34KG, Travel Lite, TL14-42M, Light Laptop","31,340"
61,"HP 255 G10, AMD Ryzen 3 7320U Quad Core -(8 GB/512 GB SSD/AMD Radeon Graphics) Thin and Light Business Laptop/15.6"" HD Display/Turbo Silver/1.5 kg","27,800"
62,"Cyborg 15 AI, Intel Core Ultra 7 155H,Built-in AI, 40CM Gaming Laptop(16GB/1TB NVMe SSD/Windows 11 Home/NVIDIA GeForce RTX 4050, GDDR6 6GB/Translucent Black/1.9Kg), A1VEK-050IN","99,990"
63,"Lenovo IdeaPad Slim 3, Intel Core i5-12450H 12th Gen, 16GB RAM, 512GB SSD, FHD 250Nits, 14""/35.5cm, Windows 11, MSOffice 21, Grey, 1.37Kg, 83EQ005VIN,1Yr Warranty,Alexa Built-in,3 mon. GamePass Laptop","48,100"
64,"Lenovo IdeaPad Slim 3, Intel Core i7-13620H, 13th Gen, 16GB RAM, 512GB SSD, FHD IPS 300 Nits, 15""/38.1cm, Windows 11, MSOffice 21, Grey, 1.6Kg, 83EM008GIN,1Yr ADP Free,Alexa Built-in Laptop","64,990"
65,"Dell Inspiron 3530, Intel Core i3-1305U, 13thGen, 8GB RAM, 512GB SSD, FHD WVA AG 120Hz, 15.6""/39.62cm, Windows 11, MS Office 21, Platinum Silver, 1.62KG, 250 nits Narrow Border, McAfee 15 Month Laptop","35,490"
66,"Lenovo Smartchoice LOQ AMD Ryzen 5 7235HS | NVIDIA RTX 3050 6GB (24GB RAM/512GB SSD/15.6"" (39.6cm)/Windows 11/Office Home 2024/100% sRGB/3 Mon. Game Pass/Grey/2.4Kg), 83JC00EFIN Gaming Laptop","67,490"
67,"HP Professional 15, 12th Gen Intel Core Celeron-N4500 Turbo Boost, 8GB DDR4, 256GB SSD, (Win 11 Pro, MSO 21Pro, Gray, 1.59kg), 15.6 inch, UHD Graphics, Numeric KB, Business Laptop","23,320"
68,"ASUS Zenbook S 14, Intel Core Ultra 7 (Series 2), 32GB RAM, 1TB SSD, 3K OLED Touch 120Hz 500nits, 14"", Windows 11, MS Office Home,Scandinavian White, 1.2KG,UX5406SA-PZ358WS, AI Powered Laptop","1,41,990"
69,"realme Book(Slim) Evo Core i5 11th Gen 1135G7 - (8 GB/512 GB SSD/Windows 10 Home) RMNB1002 Thin and Light Laptop (14 inch, Real Gray, 1.38 kg, with MS Office) - Free upgrade to Windows 11 Home","37,890"
70,"HP Victus, AMD Ryzen 5 5600H, NVIDIA RTX 3050, 16GB DDR4, 512GB SSD (Win11, Office21, Blue, 2.37kg) 144Hz, 9MS, IPS, 15.6-inch(39.6cm) Gaming Laptop, Backlit kb, Enhanced Cooling, fb0106AX/Fb0112AX","60,990"
71,"ASUS TUF F15 13th Gen, Intel Core i7-13620H Gaming Laptop(NVIDIA RTX 4060-8GB/140W TGP/16GB RAM/512GB SSD/FHD/15.6""/144Hz/RGB KB/90Whr/Windows 11/Office 2021/Mecha Gray/2.20kg) FX507VV-LP287W","94,990"
72,"(Refurbished) ASUS Vivobook 15, Intel Core i5-12500H 12th Gen, 15.6"" (39.62 cm) FHD, Thin and Light Laptop (16GB/512GB/Win11/Office 2021/Blue/1.7 kg), X1502ZA-EJ541WS","45,890"
73,"Lenovo IdeaPad Slim 5 12th Gen Intel Core i5 12450H 14"" (36cm) WUXGA IPS 300Nits Thin and Light Laptop (16GB/1TB SSD/Win 11/Office 21/BacklitKB/FHD Camera/Alexa/3 Mon Game Pass/Grey/1.46Kg),83BF0043IN","57,990"
74,"Lenovo Yoga Slim 6 13th Gen Intel Evo Core i5 13500H 14""(35.5cm) WUXGA-OLED 400Nit Laptop (16GB/1TB SSD/60Hz Refresh/Win 11/Office 2021/Backlit KB/Alexa/3 Month Game Pass/Grey/1.3Kg), 83E00012IN","79,690"
75,"Lenovo IdeaPad 1 AMD Ryzen 5 5625U 15.6 inch (38.5cm) FHD Laptop (16GB RAM/512GB SSD/Windows 11/Office Home 2024/3 Month Game Pass/Grey/1.6Kg), 82R4011CIN","37,999"
76,"Lenovo Smartchoice IdeaPad Slim 3 13th Gen Intel Core i3-1315U 15.6 inch (39.6cm) FHD Laptop (8GB RAM/512GB SSD/Windows 11/Office Home 2024/Alexa Built-in/1Yr ADP Free/Grey/1.6Kg), 82X700F0IN","36,990"
77,"Lenovo V14 G3, 12th Gen Intel Core i7-1255U Upto 4.70Ghz (16GB RAM/512GB SSD/Windows 11) 14.0"" FHD Display Thin and Light Laptop/Iron Grey /1.70 kg 1 Year Onsite Brand Warranty","45,990"
78,"Dell Inspiron 3535, AMD Ryzen 5-7530U, 16 GB RAM, 512 GB SSD, FHD IPS 15.6""/39.62 cm, 120Hz, Windows 11, MS Office 2024, Platinum Silver, 1.67 kg, Thin & Light Laptop","42,838"
79,"Lenovo LOQ AMD Ryzen 5 7235HS | NVIDIA RTX 3050A 4GB (12GB RAM/512B SSD/144Hz Refresh Rate/15.6"" (39.6cm)/Windows 11/Office Home 2024/3 Mon. Game Pass/Grey/2.4Kg), 83JC00HNIN AI Gaming Laptop","61,990"
80,"ASUS Vivobook Go 14, 14"" FHD (1920 x 1080), AMD Ryzen 5 7520U Processor,(8GB RAM/512GB SSD/AMD Radeon iGPU/Windows 11/M365 Basic (1Year)*/Office Home 2024/Silver/1.38 kg), E1404FA-NK5521WS","35,990"
81,"Acer Aspire Lite, AMD Ryzen 3 5300U Processor (8GB RAM, 512GB SSD) Full HD, 15.6""/39.62cm, Windows 11 Home, Steel Gray, 1.59 kg, AL15-41, Metal Body, Premium Thin and Light Laptop","27,990"
82,"ULTIMUS PRO Intel Celeron Dual Core 2.8 GHz | 8GB RAM | 256GB SSD (Expandable upto 512GB) | 14.1"" IPS | 178° Wide Viewing Angle | Intel HD Graphics | Windows 11 Home | Lightweight 1.2Kg | Black","14,990"
83,"Samsung Galaxy Book4 (Gray, 16GB RAM, 512GB SSD) | 15.6"" Full HD Screen | Intel Core i5 1335U Processor | Windows 11 Home | MS Office 2021 | Fingerprint Reader | Intel Iris XE Graphics | RJ45 LAN Port","53,458"
84,"Dell, Intel Core i5-1235U, 13th Gen, 16GB RAM, 512GB SSD, FHD, 15.6""/39.62cm, Windows 11, MS Office 21, Carbon Black, 1.69KG, Intel UHD Graphics, Spill Resistant KB, Thin & Light Laptop","49,761"
85,"Lenovo V15 AMD Ryzen 7 7730U 15.6"" (39.62cm) FHD 250 Nits Antiglare Thin and Light Laptop (Free MS Office) Lifetime (16GB/512GB SSD/Windows 11/Iron Grey/1.65 Kg) 1 Year Brand Warranty, 83CRA01SIN","44,490"
86,Lenovo V14 G3 IAP Laptop 12th Generation Intel® Core™ i5-1235U Processor(Core™ i5-1235U)/ 8GB DDR4 / 512 GB SSD PCIe / 14.0 FHD TN Display/Windows 11 / Silver (Grey) / 1 Year Onsite Warranty,"39,980"
87,"Chuwi HeroBook Pro 14.1'' Intel Celeron N4020 Laptop with 8GB RAM, 256GB SSD, Windows 11, 1TB Expand, FHD IPS, Ultra Slim, USB3.0, Mini-HDMI, Webcam","17,990"
88,"Acer [SmartChoice Aspire Lite AMD Ryzen 5-5625U Premium Thin and Light Laptop (16 GB RAM/512 GB SSD/Windows 11 Home) AL15-41, 39.62 cm (15.6"") Full HD Display, Metal Body, Steel Gray, 1.59 KG","34,490"
89,"Lenovo ThinkPad E14 AMD Ryzen 5 7530U 14"" (35.56 cm) WUXGA IPS 300 Nits Thin and Light Laptop (8GB RAM/512GB SSD/Win 11 Home/AMD Radeon Graphics/Backlit/FPR/Office H&S 2021/Black/1.41 kg), 21JRS00T00","47,990"
90,"Lenovo LOQ 2024, AMD Ryzen 7 7435HS, NVIDIA RTX 4060-8GB, 24GB RAM, 512GB SSD, 15.6""/39.6cm, Windows 11, MS Office Home 2024, Grey, 2.4Kg, 83JC00EHIN, 100% sRGB, 3 Mon. Game Pass Gaming Laptop","91,990"
91,"Lenovo Yoga AMD Pro 7 Ryzen AI 9 365 (32GB RAM/1TB SSD/Copilot+PC/14.5""(36.8cm)/2.8K WQXGA+OLED/120Hz/Windows11/Office Home 2024/Grey/1.54Kg), 83HN0027IN AI Laptop","1,27,990"
92,"Lenovo IdeaPad Slim 3, Intel Core i5-13420H, 13th Gen, 16GB RAM, 512GB SSD, FHD IPS, 14""/35.56cm, Windows 11, MS Office 21, Grey, 1.3Kg, 83EL003PIN, Alexa Built-in Laptop","58,900"
93,"Acer Aspire Lite, 13th Gen, Intel Core i3-1305U, 8GB RAM, 512GB SSD, Full HD, 15.6""/39.62cm, Windows 11 Home, Steel Gray, 1.59KG, AL15-53, Metal Body, 36 WHR, Thin and Light Premium Laptop","32,994"
94,"HP 15 (2025), AMD Ryzen 5 7520U Quad Core - (8 GB/512 GB SSD/AMD Radeon Graphics/Windows 11 Home) Thin and Light Business Laptop/15.6"" HD Display/Turbo Silver/1.5 kg/MS Office 2021","30,040"
95,"Dell Alienware x16 Gaming Laptop, Intel Core i9 13900HK Processor/32GB/2TB SSD/NVIDIA RTX 4090 16GB GDDR6/ 16""(40.64cm) QHD+ 240Hz, 3ms, DCI-P3 100%/Win 11+MSO'21+McAfee 15 Month/Lunar Silver/2.72kg","4,54,236."
96,"HP 14 AMD Ryzen 3 7320u (8GB DDR5 RAM/ 512 GB NVMe M.2 SSD/Windows 11 / MS Office'2021 / FHD 14"" (35.6 cm) + Backlit Keyboard/Silver / 1.4 kg/Dual Speakers) em0025AU / Laptop","33,990"
97,"MSI Modern 14 H, Intel Core I9 13900H,36Cm Laptop(16GB/1Tb NVME SSD/Windows 11 Home/Iris Xe/Classic Black/1.6Kg), D13MG-071IN","69,990"
98,"Lenovo IdeaPad Slim 3, Intel Core i3, 12th Gen, 8GB RAM, 512GB SSD, FHD, 15.6""/39.62cm, Windows 11, Office Home 2024, Arctic Grey, 1.63Kg, 82RK01ABIN, Intel UHD Graphics, 1Yr ADP Free Laptop","32,990"
99,"Dell Inspiron 3530 Thin & Light Laptop, 13th Gen Intel Core i3-1305U/8GB/512GB SSD/15.6"" (39.62cm) 120Hz Refresh Rate on a FHD IPS Display/Windows 11 + MSO'21+McAfee 15 Month/Carbon Black/1.62kg","37,490"
100,"Lenovo Yoga Slim 7 2025 Intel Core Ultra 7 155H 14""(35.5cm) WUXGA-OLED 400Nits Laptop (16GB RAM/512GB SSD/AI PC/2Wx4 Speakers/Windows 11/Office Home 2024/1Yr ADP Free/Grey/1.39Kg), 83CV009XIN","89,990"
101,"Lenovo IdeaPad Pro 5 Intel Core Ultra 9 185H Built-in AI 14"" (35.5cm) 2.8K OLED 400Nits 120Hz Laptop (32GB RAM/1TB SSD/Windows 11/Office Home 2024/1Yr ADP Free/Grey/1.46Kg), 83D2004XIN","1,09,199"
102,"Dell 15, Intel Core i3-1305U, 13th Gen, 8GB DDR4, 512GB SSD, FHD, 15.6""/39.62cm, 120Hz, Windows 11, MS Office 21, Titan Grey, 1.69KG, 250 nits Display, McAfee 15 Month, Thin & Light Laptop","34,990"
103,"HP Laptop 250R G9 (2024), Intel Core i3 13th Gen 1315U - (8GB/512GB SSD/Intel UHD Graphics) Thin and Light Business Laptop/15.6"" (39.62cm)/Ash Grey/1.57 kg","31,000"
104,"HP 15, Ultra 5 125H Laptop (16GB DDR5,1TB SSD) Anti-Glare, Micro-Edge, IPS, 15.6''/39.6cm, FHD, Win11, M365 Basic(1yr), Office Home24, Silver,1.65kg, FHD Camera w/Privacy Shutter, Backlit, fd1255TU","68,490"
105,"HP Laptop 15s, AMD Ryzen 5 5500U, 15.6-inch (39.6 cm), FHD, 8GB DDR4, 512GB SSD, AMD Radeon Graphics, Thin & Light, Dual Speakers (Win 11, MSO 2019, Silver, 1.69 kg), eq2144AU","35,960"
106,"Lenovo Ideapad 1 AMD Ryzen 5 5625U (16GB RAM/512GB SSD/Windows 11/Office Home 2024/15.6 Inch (39.6Cm)/FHD IPS Display/3Months Game Pass/Grey/1.6Kg), 82R4011CIN/0DIN Laptop","37,999"
107,"MSI CreatorPro X17 HX, Intel 13th Gen. i9-13980HX,44CM UHD 144Hz Mini LED Creator Laptop (64GB/4TB NVMe SSD/Windows 11 Pro/NVIDIA RTX™ 3500 Ada, GDDR6 12GB/Core Black/3.3Kg), A13VKS-249IN","4,94,490"
108,"Lenovo ThinkPad E14 Intel Core i5 12th Gen 14"" FHD Thin and Light Laptop (16GB RAM/1TB SSD/Windows 11 Home/Office 2021/FPR/Backlit Keyboard/Black/1.59 kg), 21E3S04U00","78,000"
109,"HP 15s, 12th Gen Intel Core i3-1215U Laptop (8GB DDR4, 512GB SSD) Anti-Glare, 15.6""/39.6cm,FHD, Win 11, MS Office 21, Silver, 1.69kg, Intel UHD Graphics, HD Camera, Dual Speakers, fy5006tu","33,990"
110,"Lenovo LOQ 2024, Intel Core i5-13450HX, 13th Gen, NVIDIA RTX 4050-6GB, 16GB RAM, 512GB SSD, FHD 144Hz, 15.6""/39.6cm, Windows 11, MS Office 21, Grey, 2.4Kg, 83DV007GIN, 1Yr ADP Free Gaming Laptop","86,990"
111,"Lenovo Ideapad AMD Ryzen 5 7520U, 8GB DDR5 5500MHz RAM, 512GB SSD, Windows 11Pro, Office 21Pro, 15.6 Inch FHD IPS Display, Privacy Shutter, Arctic Grey, 1.6Kg, 2GB Integrated UDH Graphics, Laptop","34,990"
112,"Acer Nitro V 15, Intel Core i7-13th Gen 13620H Processor, NVIDIA GeForce RTX 4050-6GB GDDR6(16GB DDR5, 512GB) IPS FHD, 15.6""/39.6cm, 165Hz,Win 11 Home,Obsidian Black, 2.1KG, ANV15-51, Gaming Laptop","86,690"
113,"Acer ALG, Intel Core i5-12th Gen 12450H Processor, NVIDIA GeForce RTX 2050-4GB (16GB/1TB) FHD, 15.6""/39.62cm, 144Hz, Win 11 Home, Steel Gray, 1.99KG, AL15G-52, Premium Metal Body Gaming Laptop","58,999"
114,"HP OmniBook X Laptop, Snapdragon® X Elite X1E-78-100,14inch(35.6 cm),2.2K Touch Display,IPS,16GB LPDDR5x,1TB SSD,Next Gen Windows, Copilot +,Blue,1.34 kg,14-fe0121QU","1,20,499"
115,"Acer NITRO V 15, AMD Ryzen 7-7735HS octa-core processor, NVIDIA GeForce RTX 4050- 6 GB GDDR6(16GB DDR5, 512GB)IPS FHD, 15.6""/ 39.62cm, 144Hz, Win 11 Home, Obsidian black, 2.1KG, ANV15-41 Gaming Laptop","77,990"
116,"Lenovo V14 G4 (2024), Intel Core i3 13th Gen 1315U - (16GB/512GB SSD/Intel UHD Graphics/Windows 11 Home) Thin and Light Business Laptop/14.0"" FHD Display/Iron Grey/1.57 kg/MS Office","35,990"
117,"Lenovo 14 (2025), Intel Core i7 12th Gen 1255U - (16 GB/512 GB SSD/Intel Iris Xe Graphics/Windows 11) Thin and Light Business Laptop/14.0"" FHD Display/Iron Grey/1.4 kg/MS Office 2021","49,990"
118,"MSI Stealth 17 Studio, Intel 13th Gen. i9-13900H, 43CM FHD 144Hz Mini LED, HDR 1000 Gaming Laptop (64GB/2TB NVMe SSD/Windows 11 Home/Nvidia GeForce RTX4080, 12GB GDDR6/Core Black/3.3Kg), A13VH-055IN","3,26,611"
119,"ASUS ROG Strix SCAR 18,Intel Core Ultra 9 275HX Gaming Laptop(NVIDIA RTX 5090-24GB/175W TGP/64GB/2TB/2.5K QHD+/18""/240Hz/Windows 11/M365 Basic(1Year)*/Office Home 2024/Off Black/3.30 Kg)G835LX-SA187WS","4,49,990"
120,"Acer One 14 AMD Ryzen 3 3250U Processor (8GB RAM/512GB SSD/AMD Radeon Graphics/Windows 11 Home) Thin and Light Laptop Z2-493 with 35.56 cm (14.0"") HD Display","24,400"
121,"Lenovo IdeaPad Slim 3 13th Gen Intel Core i5-13420H 15.3""(38.8cm) WUXGA IPS Laptop(16GB RAM/512GB SSD/Win 11/Office Home 2024/Backlit/1Yr ADP Free/Top Metal Cover & IR Camera/Grey/1.6Kg), 83K100CGIN","59,990"
122,"Lenovo IdeaPad Slim 5 Ryzen 7 7735HS (16GB RAM/512GB SSD/Integrated AMD Radeon 680M Graphics/WUXGA IPS Display/13.3"" (33.7cm)/Windows 11/Office Home 2024/Backlit KB/Grey/1.15Kg), 83J2000HIN Laptop","61,749"
123,"ASUS Vivobook 15,13th Gen,Intel Core i3-1315U (Intel UHD /16GB RAM/512GB SSD/FHD/15.6""/60Hz/Win 11/M365 Basic (1Year)*/Backlit Keyboard/Office Home 2024/Quiet Blue/1.70 kg) X1504VA-NJ2325WS","37,990"
124,"Lenovo Yoga Slim 7 AMD Ryzen AI 7 350, Copilot+ AI PC(32GB RAM/1TB SSD/14""(35.5cm)WUXGA OLED/AI Now/50 TOPS/Windows 11/Office Home 2024/Backlit Keyboard/1Yr ADP Free/Teal/1.19Kg), 83JY000UIN AI Laptop","1,10,990"
125,"Lenovo Smartchoice LOQ AMD Ryzen 7 7435HS, NVIDIA RTX 4050-6GB, 24GB RAM, 512GB SSD, 15.6""/39.6cm, Windows 11, MS Office Home 2024, Grey, 2.4Kg, 83JC00EGIN, 100% sRGB, 3 Mon. Game Pass Gaming Laptop","80,964"
126,"Lenovo V15 G4 AMD Ryzen 5 7520U 15.6 inch FHD Thin & Lite Laptop, AMD Graphics, 16GB DDR5 5500Mhz Ram, 512GB SSD NVMe, Windows 11, Dolby Audio, Arctic Grey, 1 Year Onsite Brand Warranty","34,899"
127,"Lenovo IdeaPad Slim 3, Intel Core i3, 12th Gen, 8GB RAM, 512GB SSD, FHD, 15.6""/39.62cm, Windows 11, Office Home 2024, Arctic Grey, 1.63Kg, 82RK01ABIN, Intel UHD Graphics, 1Yr ADP Free Laptop","32,990"
128,"Lenovo IdeaPad Slim 3, Intel Core i5-12450H, 12th Gen, 16GB RAM, 512GB SSD, FHD, 14""/35.5cm, Windows 11, MS Office Home 2024, Grey, 1.37Kg, 83EQ0072IN, Alexa Built-in, 3 mon. Game Pass Laptop","48,990"
129,"Lenovo Smartchoice LOQ, Intel Core i5-12450HX, 12th Gen, RTX 3050-6GB, 16GB RAM, 512GB SSD, FHD 144Hz 300Nits, 15.6""/39.6cm, Windows 11, MS Office 21, Grey, 2.4Kg, 83GS003UIN, Gaming Laptop","69,990"
130,"Lenovo LOQ 2024, Intel Core i5-13450HX, 13th Gen, NVIDIA RTX 4050-6GB, 16GB RAM, 512GB SSD, FHD 144Hz, 15.6""/39.6cm, Windows 11, MS Office 21, Grey, 2.4Kg, 83DV007GIN, 1Yr ADP Free Gaming Laptop","86,990"
131,"Lenovo IdeaPad 3 12th Gen Intel Core i3-1215U 14 Inch (35.5cm) FHD Thin & Light Laptop (8GB/512GB SSD/Win 11/Office 2021/Backlit KB/3months Game Pass/Arctic Grey/1.43Kg), 82RJ00FKIN","33,990"
132,"HP 15s, 12th Gen Intel Core i3-1215U Laptop (8GB DDR4, 512GB SSD) Anti-Glare, 15.6""/39.6cm,FHD, Win 11, MS Office 21, Silver, 1.69kg, Intel UHD Graphics, HD Camera, Dual Speakers, fy5006tu","33,990"
133,"Acer[SmartChoice Aspire Lite 12thGen Intel Core i5-12450H Premium Laptop(Win11Home/16GB RAM/512GB SSD/IntelUHD Graphics/MSO)AL15-52H, 39.62cm(15.6"") FHD IPS Display,Backlit Keyboard,Pure Silver, 1.7KG","45,990"
134,"Lenovo Smartchoice LOQ, Intel Core i5-12450HX, 12th Gen, RTX 3050-6GB, 16GB RAM, 512GB SSD, FHD 144Hz 300Nits, 15.6""/39.6cm, Windows 11, MS Office 21, Grey, 2.4Kg, 83GS003UIN, Gaming Laptop","69,990"
135,"Primebook S 4G, 2025(New, WiFi+4G) Android Based MediaTek MT8788 - (PrimeOS) 4G SIM Slot, Thin and Light Laptop (11.6 Inch, 1.065 Kg, Type C, USB, HDMI, MicroSD) (4GB/128GB eMMC Storage, Black)","16,990"
136,Lenovo V15 Intel Celeron n4500 FHD 15.6 inch Laptop / 8GB DDR4 Ram and 256GB NVME SSD/Intel UHD Graphics/Windows 11 & MS-Office/Privacy Shutter/Black / 1.6kg / 1 Year Brand Warranty,"20,490"
137,"HP 15, AMD Ryzen 5 7520U, 16GB DDR5, 512GB SSD, (Win 11, Office 21, Silver, 1.59kg), Anti-Glare, Micro-Edge, 15.6-inch(39.6cm), FHD Laptop, AMD Radeon Graphics, 1080p FHD Camera, Backlit KB, fc0156AU","40,990"
138,"Primebook 4G, 2025(New, WiFi+4G) Android Based MediaTek MT8788 - (PrimeOS) 4G SIM Slot, Thin and Light Laptop (11.6 Inch, 1.065 Kg, Type C, USB, HDMI, MicroSD) (4GB/64GB eMMC Storage, Black)","15,990"
139,"HP 15 AMD Ryzen 3 7320U (8GB Ram/512GB SSD/Fhd/15.6"" (39.6 Cm)/Backlit Keyboard/Windows 11/Ms Office 21/1.59Kg/Silver) Fc0026Au Laptop","31,650"
140,"Acer ALG, Intel Core i5 13th Gen - 13420H, NVIDIA GeForce RTX 3050-6GB, 16GB RAM, 512GB SSD, FHD 15.6""/39.62cm, 144Hz, Windows 11 Home, Steel Gray, 1.99kg, AL15G-53 Gaming Laptop","64,999"
141,"Lenovo IdeaPad Slim 3, Intel Core i3, 12th Gen, 8GB RAM, 512GB SSD, FHD, 15.6""/39.62cm, Windows 11, Office Home 2024, Arctic Grey, 1.63Kg, 82RK01ABIN, Intel UHD Graphics, 1Yr ADP Free Laptop","32,990"
142,"HP 15, 13th Gen Intel Core i3-1315U Laptop (8GB DDR4,512GB SSD) Anti-Glare, Micro-Edge,15.6''/39.6cm, FHD, Win11,M365 Basic(1yr),Office Home24, Silver,1.59kg, FHD Camera w/Privacy Shutter, fd0569TU","36,490"
143,"HP (Smartchoice Omen AMD Ryzen 7 7840Hs/16.1""(40.9cm) AI Gaming Laptop 7Ms Response Time(8gb RTX 4060/16GB DDR5/SSD,1TB) FHD,IPS,165Hz,300Nits(win11,Black,2.32kg),Xd0020Ax","1,33,879"
144,"Lenovo Thinkbook 16 AMD Ryzen 7 16"" WUXGA IPS Antiglare 300 NITS Thin and Light Laptop (16GB Ram/512GB SSD/Windows 11 Home/Fpr/Office 2021/Arctic Grey/1 Year Onsite/1.7 Kg), 21KKA0G1IN","52,990"
145,"Lenovo IdeaPad 3 12th Gen Intel Core i3-1215U 14 Inch (35.5cm) FHD Thin & Light Laptop (8GB/512GB SSD/Win 11/Office 2021/Backlit KB/3months Game Pass/Arctic Grey/1.43Kg), 82RJ00FKIN","33,990"
146,"Primebook WiFi, 2025(New) Android Based MediaTek MT8183 - (PrimeOS) Thin and Light Laptop (11.6 Inch, 1.065 Kg, Type C) (4GB/64GB eMMC Storage)","13,990"
147,"Acer Aspire 3, Intel Core Celeron N4500, 8GB LPDDR4X, 512GB SSD, HD, 14""/35.56cm, Windows 11 Home, Pure Silver, 1.3KG, A324-45, HD Webcam, 38 WHR Laptop","22,990"
148,STRIFF Adjustable Laptop Tabletop Stand Patented Riser Ventilated Portable Foldable Compatible with MacBook Notebook Tablet Tray Desk Table Book with Free Phone Stand (Black),249
149,"Walker Thin & Light Laptop,14.1""(4GB RAM,128GB SSD)| FHD IPS Display 1920 * 1080 Resolution | Celeron Processor N4020 (Gemini Lake)| UHD Graphics 600|Webcam | Windows 11 Home | Champagne Gold","12,990"
150,"HP 15, 13th Gen Intel Core i3-1315U Laptop (12GB DDR4,512GB SSD) Anti-Glare, Micro-Edge,15.6''/39.6cm, FHD, Win11,M365 Basic(1yr),Office Home24, Silver,1.59kg, FHD Camera w/Privacy Shutter, fd0573TU","39,490"
151,"ASUS Vivobook 16,Snapdragon X,Copilot+ AI PC(Qualcomm Adreno iGPU/45TOPS/16GB RAM/512GB SSD/FHD+/16""/Backlit Keyboard/Windows 11/M365 Basic (1Year)*/Office Home 2024/Quiet Blue/1.88 kg)X1607QA-MB049WS","59,990"
152,"Lenovo IdeaPad Slim 3, Intel Core i5-12450H, 12th Gen, 16GB RAM, 512GB SSD, FHD IPS, 14""/35.5cm, Windows 11, MS Office Home 2024, Grey, 1.37Kg, 83EQ0073IN, 1Yr ADP Free, Thin & Light Laptop","48,300"
153,"HP Victus,13th Gen IntelCore i5-13420H, 6GB RTX 4050 Gaming Laptop (16GB DDR4,512GB SSD) (fa1279tx) IPS, 15.6""/39.6cm, Flicker-Free,Win 11,Office 21, Mica Silver, 2.29kg, EnhancedCooling,fa1319TX","91,642"
154,"ASUS Vivobook S16,13th Gen,Intel Core i7-13620H,Metallic Design Laptop(Intel UHD iGPU/16GB RAM/512GB SSD/FHD+/16""/144Hz/Windows 11/M365 Basic(1Year)*/Office Home 2024/Cool Silver/1.7Kg)S3607VA-RP083WS","81,990"
155,"acer Professional 14, AMD Ryzen 7-7730U, 32GB RAM, 1TB SSD, 14"" Full HD, Windows 11 Pro, MSO 21, 1.34KG, Backlite Keyboard, Durable Metal Body, 3 Year Warranty, TL14-42M, Light Laptop","64,990"
156,"HP OmniBook X Laptop, Snapdragon® X Elite X1E-78-100,14inch(35.6 cm),2.2K Touch Display,IPS,16GB LPDDR5x,1TB SSD,Next Gen Windows, Copilot +,Blue,1.34 kg,14-fe0121QU","1,20,499"
157,"Lenovo Smartchoice Ideapad Slim 3 13Th Gen Intel Core I7-13620H 15.3 Inch(38.8Cm) WUXGA IPS Laptop(16GB RAM/512GB SSD/Windows 11/Office Home 2024/Backlit Keyboard/1Yr ADP Free/Grey/1.6Kg),83K100CJIN","64,990"
158,"HP 15 (2025), Intel Celeron Dual Core N4500 - (8 GB/256 GB SSD/Intel UHD Graphics/Windows 11 Home) Thin and Light Business Laptop/15.6"" HD Display/Ash Grey/1.5 kg/MS Office 2021","23,420"
159,"ASUS Vivobook 16 (2023), Intel Core i9-13900H 13th Gen, Thin & Light Laptop, 16"" (40.64 cm) FHD+,(16GB/512GB SSD/Intel Iris Xe/Win 11/Office 2021/Backlit KB/Fingerprint/Silver/1.88 kg) X1605VA-MB946WS","78,990"
160,"Lenovo V15 AMD Ryzen 7 7730U 15.6"" (39.62cm) FHD 250 Nits Antiglare Thin and Light Laptop (Free MS Office) Lifetime (16GB/512GB SSD/Windows 11/Iron Grey/1.65 Kg) 1 Year Brand Warranty, 83CRA01SIN","44,490"
161,"Acer[SmartChoice Aspire Lite 12thGen Intel Core i5-12450H Premium Laptop(Win11Home/12GB RAM/512GB SSD/Intel UHD Graphics/MSO)AL15-52H, 39.62cm(15.6"")FHD IPS Display,Backlit Keyboard,Pure Silver,1.7KG","46,990"
162,"Lenovo Ideapad 1 AMD Ryzen 5 5625U (16GB RAM/512GB SSD/Windows 11/Office Home 2024/15.6 Inch (39.6Cm)/FHD IPS Display/3Months Game Pass/Grey/1.6Kg), 82R4011CIN/0DIN Laptop","37,999"
163,"Storio Toys Educational Learning Laptop Toy with LED Display & Music Effect|Educational Toy Preschool Learning for Babies,Girls,Boys & Toddlers|Power Source: 3xAA Battery (Not Included)-Pink,Multi",347
164,"Acer Chromebook, Intel Celeron N4500, 8GB RAM, 128GB Storage, Full HD, 15.6""/39.6cm, Chrome OS, Silver, 1.6KG, CB315-4H, WiFi 6,3 Months Google One AI Premium Plan& 2TB Cloud Storage AI Powered Laptop","20,990"
165,"Acer [SmartChoice Aspire 3 Laptop Intel Core Celeron N4500 Processor Laptop (8 GB LPDDR4X SDRAM/512 GB SSD/Win11 Home/38 WHR/HD Webcam) A325-45 with 39.63 cm (15.6"") HD Display, Pure Silver, 1.5 KG","23,990"
166,"Lenovo Yoga Slim 7 2025 Intel Core Ultra 7 155H 14""(35.5cm) WUXGA-OLED 400Nits Laptop (16GB RAM/512GB SSD/AI PC/2Wx4 Speakers/Windows 11/Office Home 2024/1Yr ADP Free/Grey/1.39Kg), 83CV009XIN","89,990"
167,"Acer ALG, Intel Core i5 13th Gen - 13420H, NVIDIA GeForce RTX 3050-6GB, 16GB RAM, 512GB SSD, FHD 15.6""/39.62cm, 144Hz, Windows 11 Home, Steel Gray, 1.99kg, AL15G-53 Gaming Laptop","64,999"
168,"Dell Inspiron 15-3530 Laptop - 15.6 inch FHD, 13th Gen Intel Core i3-1305U, 8GB RAM, 512GB SSD, Win 11 + Office H&S 2024, Standard Keyboard, Platinum Silver, 1 Year Onsite Hardware Service, 1.62 Kg","35,527"
169,"HP Victus, 12th Gen Intel Core i7-12650H,NVIDIA RTX 3050, 16GB DDR4, 512GB SSD (Win11, Office21, Blue,2.3kg) 144Hz, 9MS, IPS, 15.6-inch(39.6cm), Flicker-Free Gaming Laptop, Enhanced Cooling, fa1382TX","68,990"
170,"Dell 3530 Thin & Light Laptop, 13th Gen Intel Core i3-1305U Processor, 8GB, 512GB SSD, 15.6"" (39.62cm) FHD 120Hz 250nits, Standard Keyboard, Windows 11+MSO'21 & 15 Month McAfee, Black, 1.62kg","34,890"
171,"FUTOPIA ULTIMUS PRO Intel Dual Core ~2.8GHz (4 GB/128 GB EMMC Storage/Windows 11 Home) NU14U6INC43BN-CS Thin and Light Laptop (14 Inch, Cloud Silver, 1.2 kg)","11,990"
172,"Alienware M16 R2 Gaming Laptop with AI Enabled - 16"" QHD+ 240Hz Display, Intel Core Ultra 9 185H, 32GB RAM, 1TB SSD, NVIDIA GeForce RTX 4070, AlienFX RGB backlit keyboard, Dark Metallic Moon, 2.61kg","2,15,474."
173,"2022 Apple MacBook Air Laptop with M2 chip: 13.6-inch Liquid Retina Display, 16GB RAM, 256GB SSD Storage, Backlit Keyboard, 1080p FaceTime HD Camera. Works with iPhone and iPad; Midnight","77,990"
174,"THOMSON Neo 14.1 Inch In-N14C Windows 11, Intel Dual Core Processor & Window 11 Home Notebook (4 GB Ram DDR4/ 128 GB Emmc/Thin & Light Weight/Silver)","12,990"
175,"MSI Katana 15, Intel 13th Gen. i7-13620H, 40CM FHD 144Hz Gaming Laptop (16GB/1TB NVMe SSD/Windows 11 Home/MSO 2021/NVIDIA GeForce RTX 4050, GDDR6 6GB/Black/2.25Kg) B13VEK-2220IN","99,990"
176,"Dell Inspiron 3530 Thin & Light Laptop, 13th Gen Intel Core i3-1305U/8GB/512GB SSD/15.6"" (39.62cm) 120Hz Refresh Rate on a FHD IPS Display/Windows 11 + MSO'21+McAfee 15 Month/Carbon Black/1.62kg","37,490"
177,"HP 15, 13th Gen Intel Core i3-1315U (8GB DDR4, 512GB SSD) FHD Anti-Glare Micro-Edge, 15.6""/39.6cm, Windows 11, MS Office 21, Grey, 1.59kg, fd0006TU, Intel UHD Graphics, 1080p FHD Camera Laptop","36,390"
178,"Apple MacBook Air Laptop: Apple M1 chip, 13.3-inch/33.74 cm Retina Display, 8GB RAM, 256GB SSD Storage, Backlit Keyboard, FaceTime HD Camera, Touch ID. Works with iPhone/iPad; Space Grey","59,990"
179,"Lenovo IdeaPad Slim 1 Intel® Celeron® N4020 15.6 inch (39.6cm) Thin & Light Laptop (8GB RAM/512GB SSD/Windows 11 Home/Office Home & Student 2024/1Yr ADP Free/Cloud Grey/1.54Kg), 82V700L2IN","25,990"
180,"Acer ALG, Intel Core i7-13th Gen 13620H Processor, NVIDIA GeForce RTX 3050-6GB(16GB/512GB) FHD, 39.62cm(15.6""), 144Hz, Windows 11 Home, Steel Gray, 1.99KG, AL15G-53, Premium Metal Body,Gaming Laptop","74,990"
181,"Lenovo IdeaPad Slim 5 AMD Ryzen AI 7 350, Copilot+ AI PC(24GB RAM/1TB SSD/14(35.5cm) WUXGA OLED/AI Now/50TOPS/Win 11/Office Home 2024/Backlit Keyboard/1Yr ADP Free/Grey/1.4Kg), 83HX001NIN AI Laptop","86,974"
182,"Lenovo Yoga Slim 7 Aura Edition Intel Core Ultra 7 258V,Copilot+ AI PC(32GB RAM/1TB SSD/14(35.5cm)/WUXGA OLED AI Now/47 Tops/Windows 11/Office Home 2024/1Yr ADP/Grey/1.19Kg), 83JX001MIN AI Laptop","1,48,490"
183,"Dell, Intel Core i5-1235U, 13th Gen, 16GB RAM, 512GB SSD, FHD, 15.6""/39.62cm, Windows 11, MS Office 21, Carbon Black, 1.69KG, Intel UHD Graphics, Spill Resistant KB, Thin & Light Laptop","49,761"
184,"Lenovo V14 G3 14"" FHD Laptop, Intel Core i5-1235U, 16GB DDR4 RAM, 512GB SSD, Intel Iris Xe Graphics, Windows 11, Ms-Office Lifetime Validity, Iron Grey,1.6kg, 1 Year Onsite Brand Warranty","41,890"
185,"ASUS ROG Strix G16, AMD Ryzen 9 8940HX, Gaming Laptop(RTX 5060-8GB/115W TGP/16GB/1TB /2.5K QHD+/16""/240Hz/90WHrs/Windows 11/M365 Basic (1Year)*/Office Home 2024/Eclipse Gray/2.5 Kg) G614PM-S5046WS","1,69,990"
186,"Lenovo V15 G4 AMD Ryzen 5 7520U 15.6 inch FHD Thin & Lite Laptop, AMD Graphics, 16GB DDR5 5500Mhz Ram, 512GB SSD,Dolby Audio,Premium Grey, 1 Year Onsite Brand Warranty","34,999"
187,"HP 15, 12th Gen Intel Core i5-1235U Laptop (16GB DDR4, 512GB SSD) Anti-Glare, 15.6""/39.6cm, FHD, Win 11, MSO 21, Silver, 1.69kg, Intel Iris Xe Graphics, HD Camera, Backlit Keyboard, fy5009tu/fd0111tu","50,490"
188,"Primebook WiFi, 2025(New) Android Based MediaTek MT8183 - (PrimeOS) Thin and Light Laptop (11.6 Inch, 1.065 Kg, Type C) (4GB/64GB eMMC Storage)","13,990"
189,"Lenovo V15 G4 AMD Athlon Silver 7120U Laptop 8GB LPDDR5 Ram, 512 GB SSD PCIe, Windows 11 Lifetime Validity,15.6"" FHD Screen, AMD Radeon 610M, Silver, 1 Year Brand Warranty","24,980"
190,"Lenovo IdeaPad Slim 3 13th Gen Intel Core i7-13620H 15.6"" (39.62cm) FHDIPS300 Nits Thin&Light Laptop (16GB/512GB SSD/Intel UHDGraphics/Win11/Office Home 2024/1YrADP Free/ARCTIC-Grey/1.6Kg), 83EM00GTIN","69,000"
191,"HP Pavilion 13th Gen Intel Core i5-1340P (16GB RAM/512GB SSD) FHD, 15.6” (39.6cm), Windows 11/MS Office 21, Silver,1.74kg, eg3027TU 720p HD Camera, Backlit Keyboard, Audio by B&O Laptop","63,490"
192,"Lenovo LOQ 2024 12Th Gen Intel Core I5-12450HX | NVIDIA RTX 3050 6GB (16GB RAM/512GB SSD/15.6"" (39.6Cm)/Windows 11/Office Home 2024/100% Srgb/3 Mon. Game Pass/Grey/2.4Kg), 83GS00LNIN Gaming Laptop","70,490"
193,"Acer Aspire Lite,13th Gen, Intel Core i3-1305U, 16GB RAM, 512GB SSD, Full HD, 15.6""/39.62cm, Windows 11 Home, Steel Gray, 1.59KG, AL15-53, Metal Body, 36 WHR, Thin and Light Premium Laptop","33,790"
194,"Lenovo LOQ 2024, AMD Ryzen 7 7435HS, NVIDIA RTX 4060-8GB, 24GB RAM, 512GB SSD, 15.6""/39.6cm, Windows 11, MS Office Home 2024, Grey, 2.4Kg, 83JC00EHIN, 100% sRGB, 3 Mon. Game Pass Gaming Laptop","91,990"
195,"HP OMEN Gaming AI Laptop, AMD Ryzen7 7840HS, 6GB NVIDIA RTX4050, 16GB DDR5, 1TB SSD, (Win 11, Office 21, Black, 2.32kg), 165Hz, 7MS, IPS, 16.1inch(40.9cm), Flicker-Free, Tempest Cooling, xd0005AX","99,990"
196,"Dell 3530 Thin & Light Laptop, 13th Gen Intel Core i3-1305U Processor, 8GB, 512GB SSD, 15.6"" (39.62cm) FHD 120Hz 250nits, Standard Keyboard, Windows 11+MSO'21 & 15 Month McAfee, Black, 1.62kg","34,890"
197,"HP OMEN Gaming Laptop 13th Gen, Intel® Core™ i5-13500HX, 40.9 cm (16.1"") Diagonal, FHD (1920 x 1080), 165 Hz, Anti-Glare, 300 nits, (16GB, 512GB), NVIDIA GeForce RTX4050, WIn11, B&O, 16-wf0052TX","1,39,490"
198,"Dell Inspiron 3530 Laptop, 13th Gen Intel Core i5-1334U Processor, 16GB, 512GB SSD, 15.6""(39.62cm) FHD 120Hz 250 nits, Backlit KB, Windows 11 + MSO'24 & 15 Month McAfee, Silver, Thin & Light- 1.62kg","57,492."
199,"ASUS Vivobook 16,Intel Core Ultra 5 (Series 2),Thin & Light(Intel iGPU/16GB RAM/512GB SSD/FHD+/16""/60Hz/Backlit Keyboard/Windows 11/M365 Basic (1Year)*/Office Home 2024/Blue/1.88 kg) X1607CA-MB139WS","70,990"
200,"Lenovo V15 AMD Ryzen 3 7320U 15.6"" (39.62cm) FHD 250 Nits Antiglare Thin and Light Laptop (8GB/512GB SSD/Windows 11 Home/Arctic Grey/1.63 Kg), 83CQ000XIN","26,990"
201,"DELL 14 (2025) Intel Core i3 12th Gen 1215U - (16 GB/512 GB SSD/Intel UHD Graphics/Windows 11 Home) Thin and Light Business Laptop/14.0"" HD Display/Grey/1.5 kg/MS Office 2021","31,040"
202,"HP 15s, 12th Gen Intel Core i5 16GB RAM/512GB SSD 15.6-inch(39.6 cm) Micro-Edge Anti-Glare FHD Laptop/Win 11/Intel Iris Xe Graphics/Dual Speakers/Alexa/Backlit KB/MSO/Fast Charge, 15s- fq5112TU","50,300"
203,"ASUS VivoBook 15 (2022), Intel Core i3-1215U, 12th Gen, 8GB RAM, 512GB SSD, FHD, 15.6""/39.62cm, Windows 11, Office 2021, Cool Silver, 1.7KG, X1504ZA-NJ322WS, Backlit KB Laptop","32,790"
204,"Lenovo IdeaPad 3 12th Gen Intel Core i3-1215U 15 Inch (39.65cm) FHD Thin & Light Laptop (16GB/512GB SSD/Windows 11/Office 2021/1Yr ADP Free/3months Game Pass/Arctic Grey/1.63Kg), 82RK017RIN","34,500"
205,"Lenovo Yoga 7 2-in-1 AMD Ryzen 7 8840HS 14""(35.5cm) WUXGA OLED 400Nits Convertible Laptop (16GB/1TB SSD/Windows 11/Office Home 2024/100% DCI-P3/Digital Pen/Grey/1.5Kg), 83DK009LIN","92,190"
206,"Lenovo Legion 5 2024 13Th Gencore Intel I7-13650HX|NVIDIA RTX 4060 8GB(24GB RAM/512GB SSD/15.6""(39.6Cm)/14Hz/FHD IPS/Windows 11/Office Home 2024/3 Month Game Pass/Grey/2.3Kg),83JJ0010IN Gaming Laptop","1,20,699"
207,"HP 255 G10 7000 Series AMD Ryzen 5 Quad Core 7520U 2.8Ghz Upto 4.3Ghz - (8 GB/512 GB SSD/AMD Radeon Graphics) 255 G10 Thin and Light Laptop (15.6 inch, Matt Silver, 1.45 kg)","28,880"
208,"Lenovo V15 Intel Core i7 12th Gen 15.6"" (39.62 cm) 16GB RAM/512GB SSD/Windows 11 Home/FHD (1920x1080) Antiglare 250 Nits Thin and Light Laptop/Iron Grey/1Y Onsite Warranty /1.7 kg, 82TTA08AIN","44,990"
209,"Lenovo IdeaPad Slim 3 Ryzen 5 5625U 15.6"" (39.6cm) FHD Thin and Light Laptop (16GB RAM/512GB SSD/Integrated AMD Radeon Graphics/Windows 11/Office Home 2024/Grey/1.6Kg), 82XM00QDIN","36,966"
210,"Lenovo IdeaPad Slim 3, Intel Core i5-12450H, 12th Gen, 16GB RAM, 512GB SSD, FHD, 14""/35.5cm, Windows 11, MS Office Home 2024, Grey, 1.37Kg, 83EQ0072IN, Alexa Built-in, 3 mon. Game Pass Laptop","48,990"
